job_id,job_type,company,job_name,start_time,job_link
862788,实习,阿里健康,2020实习生招聘JAVA开发（杭州、北京）,2020-04-21,https://bbs.byr.cn/article/ParttimeJob/862788
862846,实习,校招,base北京杭州深圳 阿里云智能事业群,2020-04-21,https://bbs.byr.cn/article/ParttimeJob/862846
862736,内推,研发设计校招,【蚂蚁金服支付宝21届实习生校招啦】,2020-04-21,https://bbs.byr.cn/article/ParttimeJob/862736
862741,内推,实习,阿里健康2021届Java研发实习生招聘,2020-04-21,https://bbs.byr.cn/article/ParttimeJob/862741
862747,实习,北京深维智信,招聘算法实习生，成就未来的你,2020-04-21,https://bbs.byr.cn/article/ParttimeJob/862747
862750,实习,威富视界,计算机视觉研发实习生,2020-04-21,https://bbs.byr.cn/article/ParttimeJob/862750
862752,内推,实习,图森未来实习生招聘,2020-04-21,https://bbs.byr.cn/article/ParttimeJob/862752
862764,内推,实习,可转正  滴滴-地图与公交事业部-数据挖掘/深度,2020-04-21,https://bbs.byr.cn/article/ParttimeJob/862764
862767,实习,快手,【内推】2020实习招聘  【最后一天】,2020-04-21,https://bbs.byr.cn/article/ParttimeJob/862767
862769,实习,电信北研院,,2020-04-21,https://bbs.byr.cn/article/ParttimeJob/862769
862778,实习,腾讯,交互设计实习生,2020-04-21,https://bbs.byr.cn/article/ParttimeJob/862778
862737,实习,58同城,AI Lab招聘语音识别算法/后端实习生,2020-04-21,https://bbs.byr.cn/article/ParttimeJob/862737
862703,实习,微软,微软小冰招聘实习产品经理,2020-04-21,https://bbs.byr.cn/article/ParttimeJob/862703
862827,内推,实习,阿里菜鸟21届校招实习内推，邮件联系咨询面试,2020-04-21,https://bbs.byr.cn/article/ParttimeJob/862827
862817,实习,北京微信,微信搜一搜招后台开发日常实习生,2020-04-21,https://bbs.byr.cn/article/ParttimeJob/862817
862718,内推,实习,图森未来 算法 软硬件 招聘 实习生优先转正,2020-04-21,https://bbs.byr.cn/article/ParttimeJob/862718
862641,实习,微软亚洲研究院,基于机器学习的爬虫检测实习生,2020-04-20,https://bbs.byr.cn/article/ParttimeJob/862641
862622,实习,爱奇艺,视频后台产品实习生,2020-04-20,https://bbs.byr.cn/article/ParttimeJob/862622
862582,内推,实习,【滴滴】【部门直招】PHP研发实习生,2020-04-20,https://bbs.byr.cn/article/ParttimeJob/862582
862666,实习,阿里健康,春季实习面试,2020-04-20,https://bbs.byr.cn/article/ParttimeJob/862666
862556,内推,实习,[微软亚洲研究院·DKI组],2020-04-20,https://bbs.byr.cn/article/ParttimeJob/862556
862377,内推,实习,京东广告架构部大数据开发工程师,2020-04-18,https://bbs.byr.cn/article/ParttimeJob/862377
862415,内推,招商银行,2021fintech精英训练营,2020-04-18,https://bbs.byr.cn/article/ParttimeJob/862415
862442,实习,内推,【校招】阿里淘系技术部招聘实习生了，包括算,2020-04-18,https://bbs.byr.cn/article/ParttimeJob/862442
862177,实习,字节跳动,招募后端算法工程师,2020-04-17,https://bbs.byr.cn/article/ParttimeJob/862177
862242,实习,猿辅导,开发 前端 服务器端 视频 音频 算法 产品,2020-04-17,https://bbs.byr.cn/article/ParttimeJob/862242
862292,实习,腾讯微信北京,客户端开发-日常实习,2020-04-17,https://bbs.byr.cn/article/ParttimeJob/862292
862076,实习,阿里巴巴,阿里巴巴IoT事业部,2020-04-16,https://bbs.byr.cn/article/ParttimeJob/862076
